<?xml version="1.0" encoding="UTF-8" ?>
<!DOCTYPE mapper
        PUBLIC "-//mybatis.org//DTD Mapper 3.0//EN"
        "http://mybatis.org/dtd/mybatis-3-mapper.dtd">
<mapper namespace="SHCrowd">


    <insert id="addCrowd" parameterType="com.sung.hee.shcrowd.model.SHCrowd">

        INSERT INTO SHCROWD(SEQ, TITLE, CONTENT, ID, GOALMONEY, LIKENUM, CURMONEY, TAG,
        SDATE, EDATE, CATEGORY, ADDRESS, TYPE,REQ, DEL,ENDFLAG,REWARD,WDATE,LATLNG) VALUES
        (SEQ_SHCROWD.nextval, #{title},#{content},#{id},#{goalMoney},0,0,#{tag},
        #{wdate},#{edate},#{category},
        <if test="address != null and address!=''">
            #{address}
        </if>
        <if test="address == null or address==''">''</if>
        ,#{type},0,0,'0','0',sysdate,
        <if test="latlng != null and latlng!=''">
            #{latlng}

        </if>
        <if test="latlng == null or latlng==''">''</if>
        )
    </insert>

    <update id="delCrowd" parameterType="com.sung.hee.shcrowd.model.SHCrowd">

        UPDATE SHCROWD
        SET DEL = 1
        WHERE SEQ = #{seq}

    </update>

    <select id="detailCrowd" parameterType="com.sung.hee.shcrowd.model.SHCrowd"
            resultType="com.sung.hee.shcrowd.model.SHCrowd">

        SELECT
            PNUM,
            SEQ,
            TITLE,
            CONTENT,
            ID,
            GOALMONEY,
            LIKENUM,
            CURMONEY,
            TAG,
            SDATE,
            EDATE,
            CATEGORY,
            ADDRESS,
            TYPE,
            REQ,
            LATLNG,
            WDATE
        FROM (
            SELECT
                NVL(PNUM, 0)            AS PNUM,
                SEQ,
                TITLE,
                CONTENT,
                ID,
                GOALMONEY,
                LIKENUM,
                NVL(COUNTS.CURMONEY, 0) AS CURMONEY,
                TAG,
                SDATE,
                EDATE,
                CATEGORY,
                ADDRESS,
                TYPE,
                REQ,
                LATLNG,
                WDATE
            FROM SHCROWD
                LEFT JOIN
                (SELECT
                     COUNT(*)   PNUM,
                     PSEQ,
                     SUM(MONEY) CURMONEY
                 FROM SHFUND
                 GROUP BY PSEQ) COUNTS ON COUNTS.PSEQ = SHCROWD.SEQ
            WHERE SEQ = #{seq})

    </select>

    <select id="reqCrowdList"
            resultType="com.sung.hee.shcrowd.model.SHCrowd">
        SELECT
            pnum,
            SEQ,
            TITLE,
            CONTENT,
            ID,
            GOALMONEY,
            LIKENUM,
            CURMONEY,
            TAG,
            SDATE,
            EDATE,
            CATEGORY,
            ADDRESS,
            TYPE,
            REQ,
            LATLNG,
            WDATE
        FROM (
                 SELECT
                     ROW_NUMBER()               OVER (ORDER BY SEQ DESC) rnn,
                     nvl(pnum, 0)            AS pnum,
                     SEQ,
                     TITLE,
                     CONTENT,
                     ID,
                     GOALMONEY,
                     LIKENUM,
                     NVL(COUNTS.CURMONEY, 0) AS CURMONEY,
                     TAG,
                     SDATE,
                     EDATE,
                     CATEGORY,
                     ADDRESS,
                     TYPE,
                     REQ,
                     LATLNG,
                     WDATE
                 FROM SHCROWD
                     LEFT JOIN
                     (SELECT
                          COUNT(*)   PNUM,
                          PSEQ,
                          SUM(MONEY) CURMONEY
                      FROM SHFund
                      GROUP BY pseq) COUNTS ON COUNTS.PSEQ = SHCROWD.seq
                 WHERE REQ = 0) A

    </select>
    <select id="myReqCrowdList" parameterType="com.sung.hee.user.model.SHUser"
            resultType="com.sung.hee.shcrowd.model.SHCrowd">

        SELECT
            pnum,
            SEQ,
            TITLE,
            CONTENT,
            ID,
            GOALMONEY,
            LIKENUM,
            CURMONEY,
            TAG,
            SDATE,
            EDATE,
            CATEGORY,
            ADDRESS,
            TYPE,
            REQ,
            LATLNG,
            WDATE,
            ENDFLAG,
            REWARD
        FROM (
                 SELECT
                     nvl(pnum, 0)            AS pnum,
                     SEQ,
                     TITLE,
                     CONTENT,
                     ID,
                     GOALMONEY,
                     LIKENUM,
                     NVL(COUNTS.CURMONEY, 0) AS CURMONEY,
                     TAG,
                     SDATE,
                     EDATE,
                     CATEGORY,
                     ADDRESS,
                     TYPE,
                     REQ,
                     LATLNG,
                     WDATE,
                     ENDFLAG,
                     REWARD
                 FROM SHCROWD
                     LEFT JOIN
                     (SELECT
                          COUNT(*)   PNUM,
                          PSEQ,
                          SUM(MONEY) CURMONEY
                      FROM SHFund
                      GROUP BY pseq) COUNTS ON COUNTS.PSEQ = SHCROWD.seq
                 WHERE ID = #{id}) A

    </select>
    <update id="accCrowd"
            parameterType="com.sung.hee.shcrowd.model.SHCrowd">

        UPDATE SHCROWD
        SET REQ = 1
        WHERE SEQ = #{seq}


    </update>
    <update id="noCrowd"
            parameterType="com.sung.hee.shcrowd.model.SHCrowd">

        UPDATE SHCROWD
        SET REQ = 2
        WHERE SEQ = #{seq}


    </update>
    <select id="crowdListAll"
            resultType="com.sung.hee.shcrowd.model.SHCrowd">

        SELECT
            SEQ,
            TITLE,
            CONTENT,
            ID,
            GOALMONEY,
            LIKENUM,
            CURMONEY,
            TAG,
            SDATE,
            EDATE,
            CATEGORY,
            ADDRESS,
            TYPE,
            REQ,
            LATLNG,
            WDATE,
            ENDFLAG,
            REWARD
        FROM (
            SELECT
                SEQ,
                TITLE,
                CONTENT,
                ID,
                GOALMONEY,
                LIKENUM,
                CURMONEY,
                TAG,
                SDATE,
                EDATE,
                CATEGORY,
                ADDRESS,
                TYPE,
                REQ,
                LATLNG,
                WDATE,
                ENDFLAG,
                REWARD
            FROM SHCROWD
            WHERE REQ = 1 AND ENDFLAG = '0')

    </select>
    <select id="crowdList" parameterType="com.sung.hee.shcrowd.model.SHCrowd"
            resultType="com.sung.hee.shcrowd.model.SHCrowd">

        SELECT rnn,pnum,SEQ, TITLE, CONTENT, ID, GOALMONEY, LIKENUM, CURMONEY, TAG,
        SDATE, EDATE, CATEGORY, ADDRESS, TYPE,REQ,LATLNG,WDATE,ENDFLAG,REWARD FROM (
        SELECT ROW_NUMBER() OVER (
        ORDER BY SEQ DESC) rnn,nvl(pnum,0) as pnum,SEQ, TITLE, CONTENT, ID, GOALMONEY, LIKENUM, NVL(COUNTS.CURMONEY,0)
        AS CURMONEY, TAG,
        SDATE, EDATE, CATEGORY, ADDRESS, TYPE,REQ,LATLNG,WDATE,ENDFLAG,REWARD FROM SHCROWD left join (SELECT COUNT(*)
        PNUM,PSEQ,SUM(MONEY) CURMONEY FROM
        SHFund GROUP BY pseq) COUNTS ON COUNTS.PSEQ=SHCROWD.seq WHERE REQ = 1 AND ENDFLAG='0')
        <if test="rnn == null or rnn ==''">
            WHERE 12 >= rnn
        </if>
        <if test="rnn != null and rnn !=''">
            WHERE rnn between #{rnn}+1 AND #{rnn}+12
        </if>

    </select>
    <select id="listbySearch" parameterType="com.sung.hee.shcrowd.model.SHCrowd"
            resultType="com.sung.hee.shcrowd.model.SHCrowd">
        SELECT rnn,pnum,SEQ, TITLE, CONTENT, ID, GOALMONEY, LIKENUM, CURMONEY, TAG,
        SDATE, EDATE, CATEGORY, ADDRESS, TYPE,REQ,LATLNG,WDATE FROM (
        SELECT ROW_NUMBER() OVER (
        ORDER BY SEQ DESC) rnn,nvl(pnum,0) as pnum,SEQ, TITLE, CONTENT, ID, GOALMONEY, LIKENUM, NVL(COUNTS.CURMONEY,0)
        AS CURMONEY, TAG,
        SDATE, EDATE, CATEGORY, ADDRESS, TYPE,REQ,LATLNG,WDATE FROM SHCROWD left join (SELECT COUNT(*)
        PNUM,PSEQ,SUM(MONEY) CURMONEY FROM
        SHFUND GROUP BY PSEQ) COUNTS ON COUNTS.PSEQ=SHCROWD.SEQ WHERE REQ = 1 AND ENDFLAG='0'
        <if test="search_type != '' and search_type != null">
            <if test="search_type == 'search'">
                AND (TAG like '%'|| #{search} ||'%' OR TITLE like '%'|| #{search} ||'%' OR CONTENT like '%'|| #{search}
                ||'%')
            </if>
            <if test="search_type == 'tag'">
                AND (TAG like '%'|| #{search} || '%')
            </if>
            <if test="search_type == 'category'">
                AND (CATEGORY like '%'|| #{category} || '%') AND (TAG like '%'|| #{search} ||'%' OR TITLE like '%'||
                #{search} ||'%' OR CONTENT like '%'|| #{search}
                ||'%')
            </if>
        </if>
        )A
        <if test="rnn !=9999">
            <if test="rnn == null or rnn ==''">
                WHERE 12 >= rnn
            </if>
            <if test="rnn != null and rnn !=''">
                WHERE rnn between #{rnn}+1 AND #{rnn}+12
            </if>
        </if>
    </select>
    <select id="myCrowdList" parameterType="com.sung.hee.help.MyCrowd"
            resultType="com.sung.hee.help.MyCrowd">


        SELECT
            c.SEQ,
            f.SEQ AS myseq,
            c.TITLE,
            c.GOALMONEY,
            c.CURMONEY,
            c.tag,
            c.SDATE,
            c.EDATE,
            c.CATEGORY,
            c.TYPE,
            c.REQ,
            f.MONEY,
            f.wdate
        FROM (SELECT
                  pnum,
                  SEQ,
                  TITLE,
                  CONTENT,
                  ID,
                  GOALMONEY,
                  LIKENUM,
                  CURMONEY,
                  TAG,
                  SDATE,
                  EDATE,
                  CATEGORY,
                  ADDRESS,
                  TYPE,
                  REQ,
                  LATLNG,
                  WDATE
              FROM (
                  SELECT
                      nvl(pnum, 0)            AS pnum,
                      SEQ,
                      TITLE,
                      CONTENT,
                      ID,
                      GOALMONEY,
                      LIKENUM,
                      NVL(COUNTS.CURMONEY, 0) AS CURMONEY,
                      TAG,
                      SDATE,
                      EDATE,
                      CATEGORY,
                      ADDRESS,
                      TYPE,
                      REQ,
                      LATLNG,
                      WDATE
                  FROM SHCROWD
                      LEFT JOIN
                      (SELECT
                           COUNT(*)   PNUM,
                           PSEQ,
                           SUM(MONEY) CURMONEY
                       FROM SHFund
                       GROUP BY pseq) COUNTS ON COUNTS.PSEQ = SHCROWD.seq)) c
            JOIN SHFUND f ON c.seq = f.pseq
        WHERE f.id = #{id}

    </select>

    <insert id="fundCrowd" parameterType="com.sung.hee.shcrowd.model.SHFund">
        INSERT INTO SHFUND (SEQ, PSEQ, MONEY, wdate, ID) VALUES
            (SEQ_SHFUND.nextval, #{pseq}, #{money}, sysdate, #{id})

    </insert>

    <delete id="fundCrowdCancel" parameterType="com.sung.hee.shcrowd.model.SHFund">
        DELETE FROM SHFUND WHERE SEQ = #{seq}

    </delete>

    <update id="moneyUpdate" parameterType="com.sung.hee.shcrowd.model.SHFund">
        UPDATE SHCROWD
        SET CURMONEY = CURMONEY + #{money}
        WHERE SEQ = #{pseq}

    </update>

    <insert id="crowdLike" parameterType="com.sung.hee.help.CrowdLike">

        INSERT INTO SHCROWDLIKE (SEQ, PSEQ, ID) VALUES (SEQ_SHCROWDLIKE.nextval, #{pseq}, #{id})

    </insert>
    <delete id="crowdUnLike" parameterType="com.sung.hee.help.CrowdLike">

        DELETE SHCROWDLIKE
        WHERE id = #{id} AND pseq = #{pseq}

    </delete>
    <select id="crowdLikeChk" parameterType="com.sung.hee.help.CrowdLike"
            resultType="java.lang.Integer">

        SELECT count(*)
        FROM SHCROWDLIKE
        WHERE id = #{id} AND pseq = #{pseq}

    </select>
    <select id="crowdLikeNum" parameterType="com.sung.hee.help.CrowdLike"
            resultType="java.lang.Integer">
        SELECT LIKENUM
        FROM SHCROWD
        WHERE SEQ = #{pseq}

    </select>
    <update id="likeUpdate" parameterType="com.sung.hee.help.CrowdLike">
        UPDATE SHCROWD SET LIKENUM=LIKENUM
        <if test="like==0">+1</if>
        <if test="like==-1">-1</if>
        WHERE seq = #{pseq}
    </update>

    <update id="endFlag" parameterType="com.sung.hee.shcrowd.model.SHCrowd">
        UPDATE SHCROWD
        SET ENDFLAG = '1'
        WHERE SEQ = #{seq}
    </update>
    <update id="finishReward" parameterType="com.sung.hee.shcrowd.model.SHCrowd">

        UPDATE SHCROWD
        SET REWARD = '1'
        WHERE SEQ = #{seq}

    </update>
    <update id="addReward" parameterType="com.sung.hee.shcrowd.model.SHCrowd">

        UPDATE SHUSER
        SET POINT = POINT + #{curMoney}
        WHERE ID = #{id}

    </update>

    <update id="inPoint" parameterType="com.sung.hee.user.model.SHUser">

        UPDATE SHUSER
        SET POINT = POINT + #{epoint}
        WHERE ID = #{id}

    </update>

    <update id="dePoint" parameterType="com.sung.hee.user.model.SHUser">

        UPDATE SHUSER
        SET POINT = POINT - #{epoint}
        WHERE ID = #{id}

    </update>

    <select id="findTag"
            resultType="java.lang.String">
        SELECT TAG
        FROM SHCROWD
        WHERE REQ = 1 AND ENDFLAG = '0'
    </select>

    <select id="searchCategory" parameterType="com.sung.hee.shcrowd.model.SHCrowd"
            resultType="com.sung.hee.shcrowd.model.SHCrowd">
        SELECT
            COUNT(*) CNT,
            CATEGORY
        FROM SHCROWD
        WHERE TAG LIKE '%' || #{search} || '%' OR TITLE LIKE '%' || #{search} || '%' OR CONTENT LIKE '%' || #{search} ||
              '%'
        GROUP BY CATEGORY
    </select>

</mapper>
