<?xml version="1.0" encoding="UTF-8" ?>
<!DOCTYPE mapper
        PUBLIC "-//mybatis.org//DTD Mapper 3.0//EN"
        "http://mybatis.org/dtd/mybatis-3-mapper.dtd">
<mapper namespace="SHPoll">
    <select id="getPoll"
            parameterType="com.sung.hee.poll.model.SHPoll"
            resultType="com.sung.hee.poll.model.SHPoll">
SELECT POLLID, ID,   QUESTION,
SDATE ,EDATE, ITEMCOUNT,
POLLTOTAL, REGDATE 
FROM SHPOLL 
WHERE POLLID=#{pollid}
</select>
    <select id="getPollSubList"
            parameterType="com.sung.hee.poll.model.SHPoll"
            resultType="com.sung.hee.poll.model.SHPollSub">
SELECT POLLSUBID, POLLID, ANSWER, ACOUNT
FROM SHPOLLSUB
WHERE POLLID=#{pollid}
</select>
    <insert id="makePoll"
            parameterType="com.sung.hee.poll.model.SHPoll">
	INSERT INTO SHPOLL  
	(POLLID,ID, QUESTION, 
	SDATE ,EDATE, ITEMCOUNT,
	POLLTOTAL, REGDATE) 
	VALUES (SEQ_SHPOLL.NEXTVAL,
	#{id},#{question}, #{wdate},#{edate}, #{itemcount},
	0, SYSDATE) 
	</insert>
    <insert id="makePollSub"
            parameterType="com.sung.hee.poll.model.SHPollSub">
	INSERT INTO SHPOLLSUB
	(POLLSUBID, POLLID, ANSWER, ACOUNT ) 
	VALUES (SEQ_SHPOLL_SUB.NEXTVAL, 
	(SELECT NVL(MAX(POLLID),0) FROM SHPOLL)
	, #{answer}, 0)
	</insert>
    <!-- 	SELECT SEQ_SHPOLL.CURRVAL  FROM SHPOLL -->

    <select id="getPollAllList"
            resultType="com.sung.hee.poll.model.SHPoll">
SELECT POLLID, ID, QUESTION,
SDATE ,EDATE,ITEMCOUNT,
POLLTOTAL,REGDATE 
FROM SHPOLL
ORDER BY SDATE DESC 
</select>
    <!-- WHERE TO_DATE(EDATE,'YYYY-MM-DD') >= TO_DATE(SYSDATE,'YYYY-MM-DD') -->
    <select id="isVote"
            parameterType="com.sung.hee.poll.model.SHVoter"
            resultType="java.lang.Integer">
SELECT COUNT(*)
FROM SHVOTER
WHERE POLLID=#{pollid} AND ID=#{id}
</select>
    <insert id="pollingVote"
            parameterType="com.sung.hee.poll.model.SHVoter">
INSERT INTO SHVOTER(VOTERID,POLLID, POLLSUBID, ID,REGDATE)
VALUES(SEQ_SH_VOTER.NEXTVAL,
#{pollid}, #{pollsubid},#{id}, SYSDATE) 
</insert>
    <update id="pollingSub"
            parameterType="com.sung.hee.poll.model.SHVoter">
UPDATE SHPOLLSUB SET ACOUNT = ACOUNT+1
WHERE POLLID=#{pollid} AND POLLSUBID=#{pollsubid}
</update>
    <update id="pollingPoll"
            parameterType="com.sung.hee.poll.model.SHVoter">
UPDATE SHPOLL SET POLLTOTAL = POLLTOTAL + 1
WHERE POLLID=#{pollid} 
</update>
</mapper>
