<?xml version="1.0" encoding="UTF-8" ?>
<!DOCTYPE mapper
        PUBLIC "-//mybatis.org//DTD Mapper 3.0//EN"
        "http://mybatis.org/dtd/mybatis-3-mapper.dtd">
<mapper namespace="SHBoard">

    <insert id="writeBoard"
            parameterType="com.sung.hee.shboard.model.SHBoard">
        INSERT INTO SHBOARD (ID, TITLE, CONTENT,
        WDATE, REF, STEP, DEPTH, PARENT, DEL, HIDDEN, READCOUNT, FILENAME, ENT)
        VALUES (#{id}, #{title}, #{content},
        DATE_FORMAT(NOW(), '%Y-%m-%d'), (SELECT IFNULL(MAX(REF), 0) + 1
        FROM SHBOARD b)
        ,0,0,0,0,#{hidden},0,
        <if test="filename != '' and filename != null and filename != 'null'">
            #{filename}
        </if>
        <if test="filename == '' or filename == null or filename == 'null'">
            null
        </if>,
        <if test="ent > 0">

            #{ent}
        </if>
        <if test="ent==0">
            0
        </if>
        )
    </insert>
    <select id="getBoardList"
            resultType="com.sung.hee.shboard.model.SHBoard">

        SELECT @ROWNUM := @ROWNUM + 1 AS rnn,SEQ ,ID ,TITLE,CONTENT,
        WDATE,REF,STEP,DEPTH,PARENT,DEL,HIDDEN,READCOUNT,FILENAME,ENT,TYPE
        FROM SHBOARD,(SELECT @ROWNUM := 0)R WHERE
        <if test="ent == 0">

            ENT =#{ent}
        </if>
        <if test="ent != 0">

            ENT IS NULL
        </if>
        ORDER BY REF ASC, STEP ASC
    </select>
    <select id="getMyBoardlist" parameterType="com.sung.hee.user.model.SHUser"
            resultType="com.sung.hee.shboard.model.SHBoard">
        SELECT @ROWNUM := @ROWNUM + 1 AS rnn,SEQ,ID,TITLE,CONTENT,
        WDATE,REF,STEP,DEPTH,PARENT,DEL,HIDDEN,READCOUNT,FILENAME,ENT,TYPE
        FROM SHBOARD,(SELECT @ROWNUM := 0)R WHERE ID=#{id} ORDER BY REF ASC, STEP ASC
    </select>
    <select id="getBoard"
            parameterType="com.sung.hee.shboard.model.SHBoard"
            resultType="com.sung.hee.shboard.model.SHBoard">
		SELECT SEQ ,ID ,TITLE,CONTENT,
		WDATE,REF,STEP,DEPTH,PARENT,DEL,HIDDEN,READCOUNT,FILENAME,ENT,TYPE
		FROM SHBOARD
		WHERE SEQ=#{seq}
	</select>
    <update id="replyBoardUpdate"
            parameterType="com.sung.hee.shboard.model.SHBoard">
	UPDATE SHBOARD SET
	STEP=STEP+1
	WHERE REF=(select * from (SELECT REF FROM SHBOARD a WHERE SEQ=#{seq})a)
	AND STEP>(select * from (SELECT STEP FROM SHBOARD b WHERE SEQ=#{seq})ab)
	</update>
    <insert id="replyBoardInsert"
            parameterType="com.sung.hee.shboard.model.SHBoard">
        INSERT INTO SHBOARD
        (ID, TITLE, CONTENT,
        WDATE, REF, STEP, DEPTH, PARENT, DEL, HIDDEN, READCOUNT, FILENAME, ENT)
        VALUES (
        #{id}, #{title}, #{content}, DATE_FORMAT(NOW(), '%Y-%m-%d'),
        ( SELECT * FROM ( SELECT REF FROM SHBOARD WHERE SEQ=#{seq})a),
        ( SELECT * FROM ( SELECT STEP+1 STEP FROM SHBOARD WHERE SEQ=#{seq})a),
        ( SELECT * FROM ( SELECT DEPTH+1 DEPTH FROM SHBOARD WHERE SEQ=#{seq})a),
        #{seq}, 0, ( SELECT * FROM ( SELECT HIDDEN FROM SHBOARD WHERE SEQ=#{seq})a), 0,
        <if test="filename != '' and filename != null and filename != 'null'">
            #{filename}
        </if>
        <if test="filename == '' or filename == null or filename == 'null'">
            null
        </if>,
        <if test="ent > 0">

            #{ent}
        </if>
        <if test="ent==0">
            null
        </if>

        )A
    </insert>
    <update id="updateBoard"
            parameterType="com.sung.hee.shboard.model.SHBoard">
		UPDATE SHBOARD SET
		TITLE=#{title}, CONTENT=#{content},WDATE=DATE_FORMAT(NOW(), '%Y-%m-%d'),FILENAME=#{filename}
		WHERE SEQ=#{seq}
	</update>

    <update id="boarddelete"
            parameterType="com.sung.hee.shboard.model.SHBoard">
		UPDATE SHBOARD SET DEL=1
		WHERE SEQ=#{seq}
	</update>

    <select id="getBoardPageList"
            parameterType="com.sung.hee.help.BoardParam"
            resultType="com.sung.hee.shboard.model.SHBoard">
        SELECT rnn,SEQ ,ID ,TITLE,CONTENT,
        WDATE,REF,STEP,DEPTH,PARENT,DEL,HIDDEN,READCOUNT,FILENAME,ENT,TYPE
        FROM
        ( SELECT @ROWNUM := @ROWNUM + 1 as rnn,
        SEQ ,ID ,TITLE,CONTENT,
        WDATE,REF,STEP,DEPTH,PARENT,DEL,HIDDEN,READCOUNT,FILENAME,ENT,TYPE
        FROM SHBOARD,(SELECT @ROWNUM := 0)R
        WHERE
        <if test="ent !=0">
            ENT = #{ent}
        </if>
        <if test="ent ==0">
            ENT = 0
        </if>
        <if test="s_category != '' and s_category != null and s_keyword != '' and s_keyword != null">
            <if test="s_category == 'title'">AND (TITLE like concat('%',#{s_keyword},'%'))</if>
            <if test="s_category == 'contents'">AND (CONTENT like concat('%',#{s_keyword},'%'))</if>
            <if test="s_category == 'titlecon'">AND (CONTENT like concat('%',#{s_keyword},'%')) OR ( TITLE like
                contcat('%',#{s_keyword},'%'))
            </if>

        </if>
        ORDER BY REF DESC, STEP ASC) A
        WHERE rnn between #{start} AND #{end}
    </select>
    <select id="getBoardTotalCount"
            parameterType="com.sung.hee.help.BoardParam"
            resultType="java.lang.Integer">
        SELECT IFNULL(count(*),0) AS cnt
        FROM SHBOARD WHERE
        <if test="ent !=0">
            ENT = #{ent}
        </if>
        <if test="ent ==0">
            ENT = 0

        </if>
        <if test="s_category != '' and s_category != null and s_keyword != '' and s_keyword != null">
            <if test="s_category == 'title'">AND (TITLE like concat('%',#{s_keyword},'%'))</if>
            <if test="s_category == 'contents'">AND (CONTENT like concat('%',#{s_keyword},'%'))</if>
            <if test="s_category == 'titlecon'">AND (CONTENT like concat('%',#{s_keyword},'%')) OR ( TITLE like
                contcat('%',#{s_keyword},'%'))
            </if>

        </if>
    </select>
    <update id="updateReadCount" parameterType="com.sung.hee.shboard.model.SHBoard">
		UPDATE SHBOARD SET READCOUNT=READCOUNT+1 WHERE SEQ=#{seq}

    </update>

</mapper>
