<?xml version="1.0" encoding="UTF-8" ?>
<!DOCTYPE mapper
        PUBLIC "-//mybatis.org//DTD Mapper 3.0//EN"
        "http://mybatis.org/dtd/mybatis-3-mapper.dtd">
<mapper namespace="SHCrowd">


    <insert id="addCrowd" parameterType="com.sung.hee.shcrowd.model.SHCrowd">

        INSERT INTO SHCROWD(TITLE, CONTENT, ID, GOALMONEY, LIKENUM, CURMONEY, TAG,
        SDATE, EDATE, CATEGORY, ADDRESS, TYPE,REQ, DEL,ENDFLAG,REWARD,WDATE,LATLNG) VALUES
        (#{title},#{content},#{id},#{goalMoney},0,0,#{tag},
        #{sdate},#{edate},#{category},
        <if test="address != null and address!=''">
            #{address}
        </if>
        <if test="address == null or address==''">''</if>
        ,#{type},0,0,'0','0',DATE_FORMAT(NOW(), '%Y-%m-%d'),
        <if test="latlng != null and latlng!=''">
            #{latlng}

        </if>
        <if test="latlng == null or latlng==''">''</if>
        )
    </insert>

    <update id="delCrowd" parameterType="com.sung.hee.shcrowd.model.SHCrowd">

        UPDATE SHCROWD SET DEL=1 WHERE SEQ=#{seq}

    </update>

    <select id="detailCrowd" parameterType="com.sung.hee.shcrowd.model.SHCrowd"
            resultType="com.sung.hee.shcrowd.model.SHCrowd">

     SELECT PNUM, SEQ, TITLE, CONTENT, ID, GOALMONEY, LIKENUM, CURMONEY, TAG,
    SDATE, EDATE, CATEGORY, ADDRESS, TYPE, REQ, LATLNG, WDATE FROM (
    SELECT IFNULL(PNUM,0) AS PNUM, SEQ, TITLE, CONTENT, ID, GOALMONEY, LIKENUM,
    IFNULL(COUNTS.CURMONEY,0) AS CURMONEY, TAG, SDATE, EDATE, CATEGORY, ADDRESS, TYPE, REQ, LATLNG, WDATE
    FROM SHCROWD LEFT JOIN
    (SELECT COUNT(*) PNUM, PSEQ, SUM(MONEY) CURMONEY
    FROM SHFUND GROUP BY PSEQ) COUNTS ON COUNTS.PSEQ=SHCROWD.SEQ WHERE SEQ =#{seq}) A

    </select>

    <select id="reqCrowdList"
            resultType="com.sung.hee.shcrowd.model.SHCrowd">
    SELECT rnn,pnum,SEQ, TITLE, CONTENT, ID, GOALMONEY, LIKENUM, CURMONEY, TAG,
    SDATE, EDATE, CATEGORY, ADDRESS, TYPE,REQ,LATLNG,WDATE FROM (
    SELECT @ROWNUM := @ROWNUM + 1 as rnn,IFNULL(pnum,0) as pnum,SEQ, TITLE, CONTENT, ID, GOALMONEY, LIKENUM,
    IFNULL(COUNTS.CURMONEY,0) AS CURMONEY, TAG, SDATE, EDATE, CATEGORY, ADDRESS, TYPE,REQ,LATLNG,WDATE
    FROM SHCROWD left join
    (SELECT COUNT(*) PNUM,PSEQ,SUM(MONEY) CURMONEY
    FROM SHFUND GROUP BY pseq) COUNTS ON COUNTS.PSEQ=SHCROWD.seq,(SELECT @ROWNUM := 0)R WHERE REQ = 0 ORDER BY SEQ DESC) A

    </select>
    <select id="myReqCrowdList" parameterType="com.sung.hee.user.model.SHUser"
            resultType="com.sung.hee.shcrowd.model.SHCrowd">
    SELECT rnn,pnum,SEQ, TITLE, CONTENT, ID, GOALMONEY, LIKENUM, CURMONEY, TAG,
    SDATE, EDATE, CATEGORY, ADDRESS, TYPE,REQ,LATLNG,WDATE FROM (
    SELECT @ROWNUM := @ROWNUM + 1 as rnn,IFNULL(pnum,0) as pnum,SEQ, TITLE, CONTENT, ID, GOALMONEY, LIKENUM,
    IFNULL(COUNTS.CURMONEY,0) AS CURMONEY, TAG, SDATE, EDATE, CATEGORY, ADDRESS, TYPE,REQ,LATLNG,WDATE
    FROM SHCROWD left join
    (SELECT COUNT(*) PNUM,PSEQ,SUM(MONEY) CURMONEY
    FROM SHFUND GROUP BY pseq) COUNTS ON COUNTS.PSEQ=SHCROWD.seq,(SELECT @ROWNUM := 0)R WHERE ID = #{id} ORDER BY SEQ DESC) A
    </select>
    <update id="accCrowd"
            parameterType="com.sung.hee.shcrowd.model.SHCrowd">

        UPDATE SHCROWD SET REQ=1 WHERE SEQ=#{seq}


    </update>
    <update id="noCrowd"
            parameterType="com.sung.hee.shcrowd.model.SHCrowd">

        UPDATE SHCROWD SET REQ=2 WHERE SEQ=#{seq}


    </update>
    <select id="crowdListAll"
            resultType="com.sung.hee.shcrowd.model.SHCrowd">

        SELECT rnn,SEQ, TITLE, CONTENT, ID, GOALMONEY, LIKENUM, CURMONEY, TAG,
        SDATE, EDATE, CATEGORY, ADDRESS, TYPE,REQ,LATLNG,WDATE,ENDFLAG,REWARD FROM (
        SELECT @ROWNUM := @ROWNUM + 1 as rnn,SEQ, TITLE, CONTENT, ID, GOALMONEY, LIKENUM, CURMONEY, TAG,
        SDATE, EDATE, CATEGORY, ADDRESS, TYPE,REQ,LATLNG,WDATE,ENDFLAG,REWARD FROM SHCROWD,(SELECT @ROWNUM := 0)R WHERE REQ = 1 AND ENDFLAG='0' ORDER BY SEQ DESC) A

    </select>
    <select id="crowdList" parameterType="com.sung.hee.shcrowd.model.SHCrowd"
            resultType="com.sung.hee.shcrowd.model.SHCrowd">

        SELECT RESULT.* FROM (SELECT @ROWNUM := @ROWNUM + 1 as rnn,pnum,SEQ, TITLE, CONTENT, ID, GOALMONEY, LIKENUM,
        CURMONEY,
        TAG,
        SDATE, EDATE, CATEGORY, ADDRESS, TYPE,REQ,LATLNG,WDATE,ENDFLAG,REWARD FROM (
        SELECT IFNULL(pnum,0) as pnum,SEQ, TITLE, CONTENT, ID, GOALMONEY, LIKENUM,
        IFNULL(COUNTS.CURMONEY,0)
        AS CURMONEY, TAG,
        SDATE, EDATE, CATEGORY, ADDRESS, TYPE,REQ,LATLNG,WDATE,ENDFLAG,REWARD FROM SHCROWD left join (SELECT COUNT(*)
        PNUM,PSEQ,SUM(MONEY) CURMONEY FROM
        SHFUND GROUP BY pseq) COUNTS ON COUNTS.PSEQ=SHCROWD.seq WHERE REQ = 1 AND ENDFLAG='0'
        ORDER BY SEQ DESC) A,(SELECT @ROWNUM := 0)R

        ) RESULT
        <if test="rnn == null or rnn ==''">
            WHERE 12 >= rnn
        </if>
        <if test="rnn != null and rnn !=''">
            WHERE rnn between #{rnn}+1 AND #{rnn}+12
        </if>
    </select>
    <select id="listbySearch" parameterType="com.sung.hee.shcrowd.model.SHCrowd"
            resultType="com.sung.hee.shcrowd.model.SHCrowd">
        SELECT RESULT.* FROM (SELECT @ROWNUM := @ROWNUM + 1 as rnn,pnum,SEQ, TITLE, CONTENT, ID, GOALMONEY, LIKENUM,
        CURMONEY, TAG,
        SDATE, EDATE, CATEGORY, ADDRESS, TYPE,REQ,LATLNG,WDATE,ENDFLAG,REWARD FROM (
        SELECT IFNULL(pnum,0) as pnum,SEQ, TITLE, CONTENT, ID, GOALMONEY, LIKENUM,
        IFNULL(COUNTS.CURMONEY,0)
        AS CURMONEY, TAG,
        SDATE, EDATE, CATEGORY, ADDRESS, TYPE,REQ,LATLNG,WDATE,ENDFLAG,REWARD FROM SHCROWD left join (SELECT COUNT(*)
        PNUM,PSEQ,SUM(MONEY) CURMONEY FROM
        SHFUND GROUP BY pseq) COUNTS ON COUNTS.PSEQ=SHCROWD.seq WHERE REQ = 1 AND ENDFLAG='0'
        <if test="search_type != '' and search_type != null">
            <if test="search_type == 'search'">
                AND (TAG like CONCAT('%',#{search},'%') OR TITLE like CONCAT('%',#{search},'%') OR CONTENT like
                CONCAT('%',#{search},'%'))
            </if>
            <if test="search_type == 'tag'">
                AND (TAG like CONCAT('%',#{search},'%'))
            </if>
            <if test="search_type == 'category'">

                AND (CATEGORY like CONCAT('%',#{category},'%')) AND (TAG like CONCAT('%',#{search},'%') OR TITLE like
                CONCAT('%',#{search},'%') OR CONTENT like CONCAT('%',#{search},'%'))
            </if>
        </if>
        ORDER BY SEQ DESC
        ) A,(SELECT @ROWNUM := 0)R ) RESULT
        <if test="rnn !=9999">
            <if test="rnn == null or rnn ==''">
                WHERE 12 >= rnn
            </if>
            <if test="rnn != null and rnn !=''">
                WHERE rnn between #{rnn}+1 AND #{rnn}+12
            </if>
        </if>
    </select>
    <select id="myCrowdList" parameterType="com.sung.hee.help.MyCrowd"
            resultType="com.sung.hee.help.MyCrowd">


        SELECT c.SEQ,f.SEQ as myseq, c.TITLE, c.GOALMONEY, c.CURMONEY, c.tag,
        c.SDATE, c.EDATE, c.CATEGORY, c.TYPE,c.REQ, f.MONEY,f.wdate FROM ( SELECT @ROWNUM := @ROWNUM + 1 as rnn,pnum,SEQ, TITLE, CONTENT, ID, GOALMONEY, LIKENUM, CURMONEY, TAG,
    SDATE, EDATE, CATEGORY, ADDRESS, TYPE,REQ,LATLNG,WDATE FROM (
    SELECT IFNULL(pnum,0) as pnum,SEQ, TITLE, CONTENT, ID, GOALMONEY, LIKENUM,
    IFNULL(COUNTS.CURMONEY,0) AS CURMONEY, TAG, SDATE, EDATE, CATEGORY, ADDRESS, TYPE,REQ,LATLNG,WDATE
    FROM SHCROWD left join
    (SELECT COUNT(*) PNUM,PSEQ,SUM(MONEY) CURMONEY
    FROM SHFUND GROUP BY pseq) COUNTS ON COUNTS.PSEQ=SHCROWD.seq ORDER BY SEQ DESC)A,(SELECT @ROWNUM := 0)R )c join SHFUND f on c.seq = f.pseq
        WHERE f.id = #{id}

    </select>

    <insert id="fundCrowd" parameterType="com.sung.hee.shcrowd.model.SHFund">
        INSERT INTO SHFUND(PSEQ, MONEY, wdate, ID) VALUES
        (#{pseq},#{money},DATE_FORMAT(NOW(), '%Y-%m-%d'),#{id})

    </insert>

    <delete id="fundCrowdCancel" parameterType="com.sung.hee.shcrowd.model.SHFund">
        DELETE FROM SHFUND WHERE SEQ = #{seq}

    </delete>

    <update id="moneyUpdate" parameterType="com.sung.hee.shcrowd.model.SHFund">
        UPDATE SHCROWD SET CURMONEY = CURMONEY + #{money} WHERE SEQ=#{pseq}

    </update>

    <insert id="crowdLike" parameterType="com.sung.hee.help.CrowdLike">

        INSERT INTO SHCROWDLIKE(PSEQ, ID) VALUES (#{pseq},#{id})

    </insert>
    <delete id="crowdUnLike" parameterType="com.sung.hee.help.CrowdLike">


      DELETE FROM SHCROWDLIKE WHERE id=#{id} and pseq=#{pseq}

    </delete>
    <select id="crowdLikeChk" parameterType="com.sung.hee.help.CrowdLike"
            resultType="java.lang.Integer">

        SELECT count(*) FROM SHCROWDLIKE WHERE id=#{id} and pseq=#{pseq}

    </select>
    <select id="crowdLikeNum" parameterType="com.sung.hee.help.CrowdLike"
            resultType="java.lang.Integer">
        SELECT LIKENUM FROM SHCROWD WHERE SEQ=#{pseq}

    </select>
    <update id="likeUpdate" parameterType="com.sung.hee.help.CrowdLike">
        UPDATE SHCROWD SET LIKENUM=LIKENUM
        <if test="like==0">+1</if>
        <if test="like==-1">-1</if>
        WHERE seq = #{pseq}

    </update>

    <update id="endFlag" parameterType="com.sung.hee.shcrowd.model.SHCrowd">
        UPDATE SHCROWD SET ENDFLAG = '1' WHERE SEQ = #{seq}
    </update>
    <update id="finishReward" parameterType="com.sung.hee.shcrowd.model.SHCrowd">

        UPDATE SHCROWD SET REWARD = '1' WHERE SEQ = #{seq}

    </update>
    <update id="addReward" parameterType="com.sung.hee.shcrowd.model.SHCrowd">

        UPDATE SHUSER SET POINT = POINT + #{curMoney} WHERE ID = #{id}

    </update>

    <update id="inPoint" parameterType="com.sung.hee.user.model.SHUser">

        UPDATE SHUSER SET POINT = POINT + #{epoint} WHERE ID= #{id}

    </update>

    <update id="dePoint" parameterType="com.sung.hee.user.model.SHUser">

        UPDATE SHUSER SET POINT = POINT - #{epoint} WHERE ID= #{id}

    </update>

    <select id="findTag"
            resultType="java.lang.String">
        SELECT TAG FROM SHCROWD WHERE REQ=1 AND ENDFLAG ='0'
    </select>

    <select id="searchCategory" parameterType="com.sung.hee.shcrowd.model.SHCrowd"
            resultType="com.sung.hee.shcrowd.model.SHCrowd">
    	SELECT COUNT(*) CNT, CATEGORY FROM SHCROWD
		WHERE TAG like CONCAT('%',#{search},'%') OR TITLE like CONCAT('%',#{search},'%') OR CONTENT like CONCAT('%',#{search},'%')
		GROUP BY CATEGORY
    </select>

    <update id="updateCrowd">
        UPDATE SHCROWD SET
        TITLE = #{title}, CONTENT = #{content}, TAG = #{tag}, REQ=0
        WHERE SEQ = #{seq} AND ID = #{id}
<!--         <if test="address != null and address!=''"> -->
<!--             ADDRESS = #{address} -->
<!--         </if> -->
<!--         <if test="address == null or address==''">ADDRESS =''</if> -->
<!--         TYPE = #{type}, REQ = 0, WDATE = DATE_FORMAT(NOW(), '%Y-%m-%d'), -->
<!--         <if test="latlng != null and latlng!=''"> -->
<!--             LATLAG = #{latlng} -->
<!--         </if> -->
<!--         <if test="latlng == null or latlng==''">LATLAG = ''</if> -->
    </update>

</mapper>
